id_cidade,nome,email,data_cadastro,idade,profissao,data_ultimo_acesso,id_usuario
4,Mariana Peixoto,livia12@example.com,2025-07-24,25,Professor,2025-09-12 18:23:43.636452,1
12,Rebeca Barros,enzobarbosa@example.net,2025-07-19,31,,2025-09-12 18:23:23.907887,2
2,Carolina Garcia,vitoriamoura@example.org,2025-04-10,31,Estudante,2025-09-12 18:23:17.981198,3
1,Cecilia da Rocha,azevedosabrina@example.com,2025-07-07,20,Motorista,2025-09-12 18:23:17.870957,4
4,Dra. Maya Fernandes,isadora44@example.net,2025-05-23,34,Estudante,2025-09-12 18:23:46.795607,5
9,Leandro da Mata,costelaana@example.org,2025-08-20,37,,2025-09-12 18:23:35.052012,6
7,Liz Peixoto,pimentavicente@example.net,2025-02-17,39,Vendedor,2025-09-12 18:23:40.658612,7
10,Maria Luísa da Mata,ana-livia54@example.org,2024-09-26,42,Estudante,2025-09-12 18:23:36.164228,8
13,Ana Luiza Silva,azevedolaura@example.net,2025-04-05,35,Artista,2025-09-12 18:23:07.023335,9
6,Lavínia Vargas,vporto@example.org,2025-06-07,42,Professor,2025-09-12 18:23:28.356309,10
4,Eloah Camargo,garcialunna@example.net,2024-12-24,28,Designer,2025-09-12 18:23:02.263866,11
2,Caroline Freitas,ana-juliamoraes@example.org,2025-08-29,30,Designer,2025-09-12 18:22:55.322657,12
6,Maria Luiza Moraes,cardososofia@example.org,2024-12-19,47,Engenheiro,2025-09-12 18:22:57.339925,13
13,Liam Albuquerque,ycamara@example.org,2024-12-30,27,Vendedor,2025-09-12 18:23:21.833900,14
9,Sarah Costa,ygarcia@example.com,2025-08-26,32,Artista,2025-09-12 18:23:01.967474,15
2,Sofia Sá,theoda-costa@example.org,2024-12-28,35,Engenheiro,2025-09-12 18:23:15.645862,16
14,Arthur Gabriel Nascimento,pfonseca@example.org,2025-07-10,48,Motorista,2025-09-12 18:23:11.909568,17
12,Emanuel da Luz,bernardoda-rosa@example.org,2025-04-26,29,Estudante,2025-09-12 18:23:19.788094,18
11,Srta. Maitê Camargo,costaoliver@example.com,2025-01-26,39,Engenheiro,2025-09-12 18:23:36.223065,19
2,Alexia Nascimento,luna50@example.com,2024-12-15,25,Designer,2025-09-12 18:22:55.040444,20
7,Nicole da Mata,sophialima@example.com,2025-03-24,42,Vendedor,2025-09-12 18:23:13.326871,21
11,Daniela Carvalho,iandrade@example.net,2024-09-15,48,Professor,2025-09-12 18:23:35.795146,22
6,Ana Beatriz Pereira,ecavalcanti@example.net,2025-05-08,47,Motorista,2025-09-12 18:23:12.069002,23
11,Hadassa Novaes,joanaalmeida@example.org,2024-11-14,42,Designer,2025-09-12 18:23:18.657679,24
10,Maria Luísa Martins,cavalcantejoao-lucas@example.com,2024-10-15,35,,2025-09-12 18:22:53.620697,25
12,Stella Guerra,barroscamila@example.net,2025-08-28,40,Professor,2025-09-12 18:22:52.634530,26
8,Vitória Costa,silveiramateus@example.net,2025-03-20,49,Engenheiro,2025-09-12 18:23:43.032954,27
15,Clara da Mota,xcosta@example.org,2025-04-22,60,Motorista,2025-09-12 18:23:38.361610,28
11,Dr. Vitor Ferreira,kda-luz@example.org,2024-11-28,45,Estudante,2025-09-12 18:23:25.361407,29
4,Henry da Rosa,barbosacaleb@example.org,2025-08-30,19,Médico,2025-09-12 18:23:06.932517,30
7,Sra. Manuela Campos,hmacedo@example.org,2025-01-30,42,Designer,2025-09-12 18:23:16.616384,31
4,Sara Porto,manuelamelo@example.com,2025-08-12,28,Motorista,2025-09-12 18:23:44.741250,32
11,Cauê Fernandes,isadoravasconcelos@example.org,2024-12-04,56,Artista,2025-09-12 18:23:29.466558,33
15,Dr. Lucas Silveira,jda-luz@example.com,2024-10-10,54,Professor,2025-09-12 18:23:17.272255,34
5,Dr. Lucas Gabriel da Rosa,rochacaio@example.org,2024-10-17,22,Motorista,2025-09-12 18:23:07.364678,35
12,Maria Julia Martins,heloisa80@example.org,2025-01-19,60,,2025-09-12 18:23:16.286386,36
5,Caleb Jesus,oliviasampaio@example.com,2025-06-15,31,Artista,2025-09-12 18:23:45.781032,37
6,Sra. Sofia Costela,biancarios@example.com,2024-12-31,39,Professor,2025-09-12 18:23:23.569493,38
9,Ester Nascimento,smendes@example.net,2025-08-10,56,Designer,2025-09-12 18:23:39.878492,39
13,Esther Borges,isaac34@example.net,2025-04-21,28,Designer,2025-09-12 18:23:18.892376,40
3,Srta. Mirella Ferreira,ebrito@example.com,2025-07-13,23,Artista,2025-09-12 18:23:46.398159,41
10,Srta. Rafaela da Rocha,vgarcia@example.org,2025-07-07,29,Artista,2025-09-12 18:23:38.380569,42
7,Bento Siqueira,pastoranna-liz@example.net,2024-10-05,54,,2025-09-12 18:23:18.236894,43
5,Lavínia Ferreira,thiagofernandes@example.org,2024-11-30,35,Estudante,2025-09-12 18:23:21.408805,44
11,Laura Carvalho,sampaioheitor@example.org,2025-04-29,32,,2025-09-12 18:23:04.963891,45
13,Nathan da Cunha,haragao@example.org,2025-02-07,42,Médico,2025-09-12 18:23:00.415585,46
2,Noah Barros,caroline38@example.com,2025-05-28,27,Artista,2025-09-12 18:23:34.274382,47
3,Gabriela Carvalho,salesleticia@example.com,2025-08-18,32,Estudante,2025-09-12 18:23:11.915630,48
12,Mirella Andrade,ana-beatriz83@example.com,2024-11-08,41,,2025-09-12 18:23:13.260791,49
13,Isaque Ramos,melomelissa@example.com,2025-06-17,36,,2025-09-12 18:23:34.960726,50
15,Caio Alves,maria-luisa69@example.net,2025-05-21,31,Engenheiro,2025-09-12 18:23:51.217273,51
14,Yuri Novais,ylima@example.org,2025-01-26,57,Motorista,2025-09-12 18:23:22.048562,52
3,Bianca Vargas,evelynmartins@example.org,2024-10-25,29,Professor,2025-09-12 18:23:28.784077,53
9,Maitê Mendes,santosjose-miguel@example.org,2025-02-23,58,Estudante,2025-09-12 18:23:21.059672,54
10,Luiz Henrique Cassiano,vitor26@example.org,2024-09-17,45,Vendedor,2025-09-12 18:23:12.349989,55
1,Gabriel Vargas,gramos@example.org,2025-03-05,21,Médico,2025-09-12 18:23:10.504422,56
15,Mirella Macedo,nnovaes@example.net,2025-01-26,44,Motorista,2025-09-12 18:23:29.539630,57
1,Amanda Albuquerque,igor57@example.net,2025-05-17,25,Designer,2025-09-12 18:23:32.140617,58
2,Henry Martins,correiabryan@example.net,2024-12-02,33,Designer,2025-09-12 18:23:48.873273,59
13,Allana Fernandes,luiz-otavio07@example.com,2025-03-19,59,Professor,2025-09-12 18:23:43.966863,60
3,Otávio Fonseca,mariamoreira@example.org,2025-06-01,33,,2025-09-12 18:22:54.170140,61
3,José Andrade,evasconcelos@example.com,2024-10-28,26,,2025-09-12 18:23:33.182840,62
14,Dr. Vitor da Cruz,guerramarcela@example.com,2025-06-12,52,Motorista,2025-09-12 18:23:16.749346,63
15,Ana Carolina Santos,stephanycamara@example.org,2025-01-25,59,Motorista,2025-09-12 18:22:55.163398,64
12,Isadora Aparecida,pietrogarcia@example.com,2024-10-07,44,Artista,2025-09-12 18:23:17.920814,65
11,João Miguel Costa,thiagodas-neves@example.com,2025-02-10,48,Vendedor,2025-09-12 18:23:09.343295,66
15,Alice Camargo,maria-eduarda96@example.com,2024-11-20,58,Vendedor,2025-09-12 18:23:46.487575,67
2,Sarah Souza,vpereira@example.org,2024-11-30,25,Motorista,2025-09-12 18:23:03.564404,68
2,Eduardo Brito,nunesthomas@example.org,2025-08-04,28,Estudante,2025-09-12 18:23:34.441665,69
10,Ian Brito,lucas-gabriel36@example.net,2025-01-25,60,Motorista,2025-09-12 18:23:17.926084,70
10,Júlia Sá,lucasda-conceicao@example.net,2024-12-02,39,Estudante,2025-09-12 18:22:55.761149,71
2,Alana Sá,xfonseca@example.org,2025-08-31,19,Motorista,2025-09-12 18:23:43.072502,72
2,Joaquim Fogaça,apollo28@example.org,2025-07-16,19,Médico,2025-09-12 18:22:52.182800,73
2,João Vitor Novais,riosravi@example.org,2025-05-27,34,Motorista,2025-09-12 18:23:00.461713,74
5,Enzo Gabriel Duarte,enovais@example.org,2024-12-06,33,Motorista,2025-09-12 18:23:40.195222,75
9,Isabel Pinto,ofogaca@example.com,2025-02-07,33,Vendedor,2025-09-12 18:23:33.998157,76
4,Sra. Marcela Cunha,machadoanna-liz@example.org,2024-10-09,33,Artista,2025-09-12 18:22:54.526848,77
4,Stella Leão,gabrielafarias@example.org,2024-12-15,21,Designer,2025-09-12 18:23:45.315043,78
11,Jade Rocha,ida-rocha@example.net,2024-12-05,52,Médico,2025-09-12 18:23:39.284634,79
7,Dr. Brayan Rodrigues,eda-rocha@example.com,2025-04-09,51,Vendedor,2025-09-12 18:23:50.904228,80
14,Benjamim Macedo,josue00@example.com,2024-10-07,28,Designer,2025-09-12 18:23:15.949633,81
1,Ana Vitória Melo,vbarbosa@example.com,2025-01-24,30,Médico,2025-09-12 18:23:48.363346,82
13,Isabella Pereira,nascimentoana-laura@example.org,2025-08-31,31,Motorista,2025-09-12 18:23:23.914937,83
4,Vinicius Santos,nrocha@example.org,2025-02-24,24,,2025-09-12 18:23:19.942456,84
8,Marcela Rezende,albuquerquenicole@example.com,2025-04-26,33,Artista,2025-09-12 18:23:46.329171,85
3,Ana Beatriz Leão,luigi21@example.net,2024-11-23,26,Vendedor,2025-09-12 18:23:20.658804,86
4,Isabela Rezende,isadora53@example.com,2025-05-15,20,Vendedor,2025-09-12 18:23:01.823678,87
13,Rael Silveira,melojose-miguel@example.org,2024-09-26,60,Designer,2025-09-12 18:23:20.501446,88
1,Ana Vitória Casa Grande,larada-paz@example.net,2024-10-27,35,Estudante,2025-09-12 18:23:14.556587,89
2,Emanuel Porto,aylaandrade@example.org,2024-09-13,25,Professor,2025-09-12 18:23:51.191830,90
7,Manuela Lopes,ana-cecilia17@example.com,2025-07-30,56,Vendedor,2025-09-12 18:23:46.672028,91
4,Guilherme Moreira,isabella42@example.org,2025-08-27,30,Estudante,2025-09-12 18:23:34.430328,92
3,Alexandre da Luz,pietra82@example.com,2025-03-30,30,Estudante,2025-09-12 18:23:51.327325,93
7,Alícia Araújo,ana-carolina80@example.org,2025-04-02,41,Vendedor,2025-09-12 18:23:10.583933,94
5,Luara Cirino,zmacedo@example.org,2024-12-15,31,,2025-09-12 18:23:20.391566,95
11,Srta. Helena Rezende,maria-helenaaraujo@example.org,2025-03-31,56,Professor,2025-09-12 18:23:26.248307,96
4,Ravy Abreu,gaparecida@example.com,2025-06-10,27,Motorista,2025-09-12 18:23:46.714170,97
1,Maria Novaes,maria-juliapinto@example.org,2025-06-10,35,Estudante,2025-09-12 18:23:22.920924,98
12,José Pedro Gonçalves,eda-costa@example.net,2025-08-05,45,Estudante,2025-09-12 18:23:51.720654,99
1,Ana Julia Melo,carolinepinto@example.com,2024-09-23,33,,2025-09-12 18:23:39.785820,100
